"SPCLASS","SPGRPCD","SPGRPNM","COUNTYCD","STATECD","UNITCD","AREATOT"
"Hardwood","36","Ash","1","27","2","115923.018088176"
"Hardwood","36","Ash","61","27","2","684872.194137046"
"Hardwood","36","Ash","33","37","3","125222.902560221"
"Hardwood","36","Ash","123","37","3","128916.267556793"
"Hardwood","36","Ash","93","55","4","422758.624809203"
"Hardwood","33","Beech","127","22","5","218044.418357154"
"Hardwood","37","Cottonwood and aspen (East)","119","1","2","185348.565504242"
"Hardwood","37","Cottonwood and aspen (East)","41","26","1","223154.648688901"
"Hardwood","37","Cottonwood and aspen (East)","57","27","2","90679.1463065134"
"Hardwood","37","Cottonwood and aspen (East)","61","27","2","1369744.38827409"
"Hardwood","37","Cottonwood and aspen (East)","93","55","4","704597.708015338"
"Hardwood","43","Eastern noncommercial hardwoods","3","1","1","285706.605163639"
"Hardwood","43","Eastern noncommercial hardwoods","23","1","2","140269.528511168"
"Hardwood","43","Eastern noncommercial hardwoods","11","1","3","148001.698585728"
"Hardwood","43","Eastern noncommercial hardwoods","45","1","3","128234.58039837"
"Hardwood","43","Eastern noncommercial hardwoods","63","1","4","595888.041270282"
"Hardwood","43","Eastern noncommercial hardwoods","107","1","4","432465.733674187"
"Hardwood","43","Eastern noncommercial hardwoods","125","1","4","140387.987534959"
"Hardwood","43","Eastern noncommercial hardwoods","3","22","3","122679.330690812"
"Hardwood","43","Eastern noncommercial hardwoods","11","22","3","81246.0202470932"
"Hardwood","43","Eastern noncommercial hardwoods","39","22","3","122679.330690812"
"Hardwood","43","Eastern noncommercial hardwoods","37","22","4","85540.9552931129"
"Hardwood","43","Eastern noncommercial hardwoods","127","22","5","116737.238950564"
"Hardwood","43","Eastern noncommercial hardwoods","131","28","4","59982.6498721566"
"Hardwood","43","Eastern noncommercial hardwoods","5","48","1","35399.9689210762"
"Hardwood","43","Eastern noncommercial hardwoods","199","48","1","538682.625688326"
"Hardwood","31","Hard maple","153","26","1","747231.048690102"
"Hardwood","31","Hard maple","75","27","1","183179.309099155"
"Hardwood","31","Hard maple","93","55","4","422758.624809203"
"Hardwood","29","Hickory","11","1","3","145856.05037316"
"Hardwood","29","Hickory","17","1","3","291712.100746321"
"Hardwood","29","Hickory","113","1","3","145856.05037316"
"Hardwood","29","Hickory","107","1","4","732537.880590301"
"Hardwood","29","Hickory","73","1","5","278794.534698431"
"Hardwood","29","Hickory","111","1","5","145338.600088431"
"Hardwood","29","Hickory","59","5","3","139124.099060668"
"Hardwood","29","Hickory","133","5","3","695620.495303338"
"Hardwood","29","Hickory","137","5","5","587215.302079655"
"Hardwood","29","Hickory","201","13","2","112646.383593585"
"Hardwood","29","Hickory","61","22","5","87557.6792129231"
"Hardwood","29","Hickory","3","28","2","42768.2031547771"
"Hardwood","29","Hickory","127","28","3","453939.509455648"
"Hardwood","29","Hickory","9","45","1","596653.59834458"
"Hardwood","29","Hickory","59","45","3","140088.276941789"
"Hardwood","42","Other eastern hard hardwoods","129","1","1","138741.4342496"
"Hardwood","42","Other eastern hard hardwoods","23","1","2","141703.01391114"
"Hardwood","42","Other eastern hard hardwoods","119","1","2","92674.2827521208"
"Hardwood","42","Other eastern hard hardwoods","47","1","3","109398.03777987"
"Hardwood","42","Other eastern hard hardwoods","57","1","4","129939.880403222"
"Hardwood","42","Other eastern hard hardwoods","65","1","4","254092.325966687"
"Hardwood","42","Other eastern hard hardwoods","93","1","4","115265.551532813"
"Hardwood","42","Other eastern hard hardwoods","39","5","3","139124.099060668"
"Hardwood","42","Other eastern hard hardwoods","59","5","3","139124.099060668"
"Hardwood","42","Other eastern hard hardwoods","175","13","1","111302.137605903"
"Hardwood","42","Other eastern hard hardwoods","87","13","2","121600.247384026"
"Hardwood","42","Other eastern hard hardwoods","21","22","5","88526.2071597348"
"Hardwood","42","Other eastern hard hardwoods","49","22","5","105981.65323127"
"Hardwood","42","Other eastern hard hardwoods","127","28","3","90787.9018911297"
"Hardwood","42","Other eastern hard hardwoods","195","37","2","211550.611114955"
"Hardwood","42","Other eastern hard hardwoods","25","45","2","137889.10667669"
"Hardwood","42","Other eastern hard hardwoods","59","45","3","280176.553883578"
"Hardwood","41","Other eastern soft hardwoods","23","1","2","141703.01391114"
"Hardwood","41","Other eastern soft hardwoods","91","1","2","124668.017748972"
"Hardwood","41","Other eastern soft hardwoods","119","1","2","310043.899152768"
"Hardwood","41","Other eastern soft hardwoods","131","1","2","104934.334541907"
"Hardwood","41","Other eastern soft hardwoods","5","1","3","41384.1569665839"
"Hardwood","41","Other eastern soft hardwoods","11","1","3","583424.201492641"
"Hardwood","41","Other eastern soft hardwoods","45","1","3","128234.58039837"
"Hardwood","41","Other eastern soft hardwoods","47","1","3","146711.056203564"
"Hardwood","41","Other eastern soft hardwoods","51","1","3","291712.100746321"
"Hardwood","41","Other eastern soft hardwoods","57","1","4","129325.618808673"
"Hardwood","41","Other eastern soft hardwoods","125","1","4","280775.975069917"
"Hardwood","41","Other eastern soft hardwoods","73","1","5","278794.534698431"
"Hardwood","41","Other eastern soft hardwoods","111","1","5","145338.600088431"
"Hardwood","41","Other eastern soft hardwoods","59","1","6","180559.210893194"
"Hardwood","41","Other eastern soft hardwoods","59","5","3","139124.099060668"
"Hardwood","41","Other eastern soft hardwoods","61","5","3","557715.441135491"
"Hardwood","41","Other eastern soft hardwoods","133","5","3","139124.099060668"
"Hardwood","41","Other eastern soft hardwoods","49","13","1","290754.024620932"
"Hardwood","41","Other eastern soft hardwoods","65","13","1","115021.002050292"
"Hardwood","41","Other eastern soft hardwoods","161","13","1","100289.135217637"
"Hardwood","41","Other eastern soft hardwoods","201","13","2","225292.76718717"
"Hardwood","41","Other eastern soft hardwoods","23","13","3","405563.441962156"
"Hardwood","41","Other eastern soft hardwoods","95","13","3","302773.486951269"
"Hardwood","41","Other eastern soft hardwoods","261","13","3","112904.636693646"
"Hardwood","41","Other eastern soft hardwoods","15","13","5","42432.6202165089"
"Hardwood","41","Other eastern soft hardwoods","67","22","1","112934.387148085"
"Hardwood","41","Other eastern soft hardwoods","11","22","3","41920.6275862962"
"Hardwood","41","Other eastern soft hardwoods","69","22","3","189062.08952371"
"Hardwood","41","Other eastern soft hardwoods","21","22","5","88526.2071597348"
"Hardwood","41","Other eastern soft hardwoods","27","22","5","309442.567978549"
"Hardwood","41","Other eastern soft hardwoods","127","22","5","548981.208135211"
"Hardwood","41","Other eastern soft hardwoods","75","27","1","91589.6545495774"
"Hardwood","41","Other eastern soft hardwoods","137","27","1","89006.1856729337"
"Hardwood","41","Other eastern soft hardwoods","61","27","2","410923.316482228"
"Hardwood","41","Other eastern soft hardwoods","161","28","2","94083.5233003523"
"Hardwood","41","Other eastern soft hardwoods","47","28","4","182713.669085454"
"Hardwood","41","Other eastern soft hardwoods","9","45","1","238661.439337832"
"Hardwood","41","Other eastern soft hardwoods","53","45","1","139293.478898142"
"Hardwood","41","Other eastern soft hardwoods","63","45","1","380771.685761579"
"Hardwood","41","Other eastern soft hardwoods","55","45","2","130976.825958134"
"Hardwood","41","Other eastern soft hardwoods","89","45","2","174402.140191023"
"Hardwood","41","Other eastern soft hardwoods","7","45","3","140088.276941789"
"Hardwood","41","Other eastern soft hardwoods","39","45","3","140088.276941789"
"Hardwood","41","Other eastern soft hardwoods","339","48","1","247356.551798712"
"Hardwood","41","Other eastern soft hardwoods","93","55","4","140919.541603068"
"Hardwood","28","Other red oaks","3","1","1","325602.410763649"
"Hardwood","28","Other red oaks","97","1","1","64364.314579086"
"Hardwood","28","Other red oaks","25","1","2","143827.875487472"
"Hardwood","28","Other red oaks","91","1","2","249336.035497944"
"Hardwood","28","Other red oaks","99","1","2","58503.5422752604"
"Hardwood","28","Other red oaks","119","1","2","278022.848256362"
"Hardwood","28","Other red oaks","1","1","3","58129.1763186316"
"Hardwood","28","Other red oaks","5","1","3","36695.764050891"
"Hardwood","28","Other red oaks","45","1","3","384703.741195109"
"Hardwood","28","Other red oaks","47","1","3","109398.03777987"
"Hardwood","28","Other red oaks","51","1","3","71737.8693070426"
"Hardwood","28","Other red oaks","61","1","3","36695.764050891"
"Hardwood","28","Other red oaks","87","1","3","583424.201492641"
"Hardwood","28","Other red oaks","7","1","4","32874.3347275299"
"Hardwood","28","Other red oaks","57","1","4","297944.020635141"
"Hardwood","28","Other red oaks","107","1","4","100897.284779284"
"Hardwood","28","Other red oaks","73","1","5","139397.267349215"
"Hardwood","28","Other red oaks","111","1","5","145338.600088431"
"Hardwood","28","Other red oaks","13","5","3","139124.099060668"
"Hardwood","28","Other red oaks","59","5","3","139124.099060668"
"Hardwood","28","Other red oaks","81","5","3","278248.198121335"
"Hardwood","28","Other red oaks","133","5","3","139124.099060668"
"Hardwood","28","Other red oaks","137","5","5","587215.302079655"
"Hardwood","28","Other red oaks","1","12","1","77382.7443232829"
"Hardwood","28","Other red oaks","19","12","1","99393.3076001048"
"Hardwood","28","Other red oaks","29","12","1","108425.559457725"
"Hardwood","28","Other red oaks","75","12","1","163253.080132481"
"Hardwood","28","Other red oaks","79","12","1","81669.7907315775"
"Hardwood","28","Other red oaks","107","12","1","326662.16292631"
"Hardwood","28","Other red oaks","123","12","1","195956.060896853"
"Hardwood","28","Other red oaks","39","12","2","76717.6940704822"
"Hardwood","28","Other red oaks","73","12","2","104928.838661622"
"Hardwood","28","Other red oaks","77","12","2","296446.347641735"
"Hardwood","28","Other red oaks","31","13","1","112164.44557251"
"Hardwood","28","Other red oaks","49","13","1","232384.22268151"
"Hardwood","28","Other red oaks","91","13","1","149543.927430013"
"Hardwood","28","Other red oaks","107","13","1","41506.0695109249"
"Hardwood","28","Other red oaks","127","13","1","149543.927430013"
"Hardwood","28","Other red oaks","271","13","1","232384.22268151"
"Hardwood","28","Other red oaks","87","13","2","121600.247384026"
"Hardwood","28","Other red oaks","131","13","2","158436.186774359"
"Hardwood","28","Other red oaks","201","13","2","160654.109956976"
"Hardwood","28","Other red oaks","23","13","3","135187.813987385"
"Hardwood","28","Other red oaks","79","13","3","302773.486951269"
"Hardwood","28","Other red oaks","95","13","3","454160.230426904"
"Hardwood","28","Other red oaks","197","13","3","151386.743475634"
"Hardwood","28","Other red oaks","261","13","3","151386.743475634"
"Hardwood","28","Other red oaks","67","22","1","28233.5967870212"
"Hardwood","28","Other red oaks","3","22","3","245358.661381624"
"Hardwood","28","Other red oaks","11","22","3","136000.441181362"
"Hardwood","28","Other red oaks","69","22","3","313048.198089217"
"Hardwood","28","Other red oaks","79","22","3","50969.6191841256"
"Hardwood","28","Other red oaks","115","22","3","30684.082672703"
"Hardwood","28","Other red oaks","37","22","4","85540.9552931129"
"Hardwood","28","Other red oaks","103","22","4","99042.763156544"
"Hardwood","28","Other red oaks","13","22","5","116737.238950564"
"Hardwood","28","Other red oaks","27","22","5","87557.6792129231"
"Hardwood","28","Other red oaks","111","22","5","233474.477901128"
"Hardwood","28","Other red oaks","127","22","5","285245.76471807"
"Hardwood","28","Other red oaks","69","26","3","88569.2222299503"
"Hardwood","28","Other red oaks","141","28","2","268162.303440456"
"Hardwood","28","Other red oaks","127","28","3","181575.803782259"
"Hardwood","28","Other red oaks","47","28","4","91356.8345427271"
"Hardwood","28","Other red oaks","153","37","1","119646.198252945"
"Hardwood","28","Other red oaks","155","37","1","89739.8986897085"
"Hardwood","28","Other red oaks","3","45","1","219677.291322922"
"Hardwood","28","Other red oaks","9","45","1","238661.439337832"
"Hardwood","28","Other red oaks","29","45","1","135915.380065107"
"Hardwood","28","Other red oaks","35","45","1","106611.047739835"
"Hardwood","28","Other red oaks","53","45","1","278586.957796283"
"Hardwood","28","Other red oaks","63","45","1","253847.790507719"
"Hardwood","28","Other red oaks","55","45","2","130976.825958134"
"Hardwood","28","Other red oaks","85","45","2","302888.746721108"
"Hardwood","28","Other red oaks","1","45","3","96211.6014827272"
"Hardwood","28","Other red oaks","199","48","1","1093298.51350692"
"Hardwood","28","Other red oaks","471","48","1","191855.030729356"
"Hardwood","28","Other red oaks","1","48","2","250807.074155419"
"Hardwood","28","Other red oaks","31","55","2","125005.485101229"
"Hardwood","27","Other white oaks","91","1","2","124668.017748972"
"Hardwood","27","Other white oaks","113","1","3","145856.05037316"
"Hardwood","27","Other white oaks","27","1","5","119421.305218859"
"Hardwood","27","Other white oaks","111","1","5","145338.600088431"
"Hardwood","27","Other white oaks","109","12","1","108887.387642103"
"Hardwood","27","Other white oaks","123","12","1","97978.0304484263"
"Hardwood","27","Other white oaks","39","13","1","224328.89114502"
"Hardwood","27","Other white oaks","107","13","1","166024.2780437"
"Hardwood","27","Other white oaks","191","13","1","14223.9641124774"
"Hardwood","27","Other white oaks","87","13","2","121600.247384026"
"Hardwood","27","Other white oaks","253","13","2","158436.186774359"
"Hardwood","27","Other white oaks","69","22","3","90141.3402117102"
"Hardwood","27","Other white oaks","49","22","5","91282.6250907914"
"Hardwood","27","Other white oaks","127","28","3","363151.607564519"
"Hardwood","26","Select red oaks","119","1","2","92674.2827521208"
"Hardwood","26","Select red oaks","131","1","2","107876.906615604"
"Hardwood","26","Select red oaks","125","1","4","561551.950139835"
"Hardwood","26","Select red oaks","59","5","3","139124.099060668"
"Hardwood","26","Select red oaks","137","5","5","146803.825519914"
"Hardwood","26","Select red oaks","167","37","3","32244.8168891982"
"Hardwood","25","Select white oaks","23","1","2","70134.7642555838"
"Hardwood","25","Select white oaks","25","1","2","141703.01391114"
"Hardwood","25","Select white oaks","17","1","3","145856.05037316"
"Hardwood","25","Select white oaks","125","1","4","140387.987534959"
"Hardwood","25","Select white oaks","111","1","5","145338.600088431"
"Hardwood","25","Select white oaks","59","5","3","695620.495303338"
"Hardwood","25","Select white oaks","137","5","5","734019.127599568"
"Hardwood","25","Select white oaks","145","13","3","151386.743475634"
"Hardwood","25","Select white oaks","49","22","5","91282.6250907914"
"Hardwood","25","Select white oaks","127","28","3","544727.411346778"
"Hardwood","25","Select white oaks","91","37","2","60942.8156353232"
"Hardwood","25","Select white oaks","1","37","3","96484.5426010255"
"Hardwood","25","Select white oaks","7","37","3","231300.217658625"
"Hardwood","25","Select white oaks","167","37","3","64489.6337783964"
"Hardwood","25","Select white oaks","9","45","1","238661.439337832"
"Hardwood","25","Select white oaks","15","45","2","12545.322583697"
"Hardwood","25","Select white oaks","59","45","3","140088.276941789"
"Hardwood","25","Select white oaks","457","48","1","247356.551798712"
"Hardwood","25","Select white oaks","419","48","2","121317.712935711"
"Hardwood","25","Select white oaks","67","51","2","35293.606938095"
"Hardwood","25","Select white oaks","31","55","2","250010.970202458"
"Hardwood","32","Soft maple","23","1","2","70134.7642555838"
"Hardwood","32","Soft maple","25","1","2","130647.939144497"
"Hardwood","32","Soft maple","91","1","2","124668.017748972"
"Hardwood","32","Soft maple","63","1","4","148972.01031757"
"Hardwood","32","Soft maple","93","1","4","115265.551532813"
"Hardwood","32","Soft maple","107","1","4","148972.01031757"
"Hardwood","32","Soft maple","37","1","5","218043.900132646"
"Hardwood","32","Soft maple","111","1","5","145338.600088431"
"Hardwood","32","Soft maple","11","5","3","139124.099060668"
"Hardwood","32","Soft maple","79","12","1","81669.7907315775"
"Hardwood","32","Soft maple","45","12","2","98815.4492139117"
"Hardwood","32","Soft maple","65","13","1","533954.636486618"
"Hardwood","32","Soft maple","197","13","3","151386.743475634"
"Hardwood","32","Soft maple","69","22","3","122679.330690812"
"Hardwood","32","Soft maple","61","22","5","87557.6792129231"
"Hardwood","32","Soft maple","111","22","5","466948.955802256"
"Hardwood","32","Soft maple","41","26","1","334731.973033352"
"Hardwood","32","Soft maple","153","26","1","448338.629214061"
"Hardwood","32","Soft maple","137","27","1","178012.371345867"
"Hardwood","32","Soft maple","1","27","2","115923.018088176"
"Hardwood","32","Soft maple","19","37","1","119646.198252945"
"Hardwood","32","Soft maple","51","37","1","119646.198252945"
"Hardwood","32","Soft maple","61","37","1","76207.6426333111"
"Hardwood","32","Soft maple","153","37","1","239292.396505889"
"Hardwood","32","Soft maple","195","37","2","105775.305557478"
"Hardwood","32","Soft maple","123","37","3","116867.009050316"
"Hardwood","32","Soft maple","159","37","3","128916.267556793"
"Hardwood","32","Soft maple","35","45","1","533055.238699175"
"Hardwood","34","Sweetgum","39","1","1","142853.30258182"
"Hardwood","34","Sweetgum","91","1","2","249336.035497944"
"Hardwood","34","Sweetgum","99","1","2","19501.1807584201"
"Hardwood","34","Sweetgum","119","1","2","185348.565504242"
"Hardwood","34","Sweetgum","131","1","2","107876.906615604"
"Hardwood","34","Sweetgum","1","1","3","58129.1763186316"
"Hardwood","34","Sweetgum","5","1","3","36695.764050891"
"Hardwood","34","Sweetgum","11","1","3","145856.05037316"
"Hardwood","34","Sweetgum","17","1","3","145856.05037316"
"Hardwood","34","Sweetgum","47","1","3","328194.113339611"
"Hardwood","34","Sweetgum","51","1","3","35868.9346535213"
"Hardwood","34","Sweetgum","87","1","3","437568.151119481"
"Hardwood","34","Sweetgum","105","1","4","744860.051587853"
"Hardwood","34","Sweetgum","107","1","4","100897.284779284"
"Hardwood","34","Sweetgum","37","1","5","218043.900132646"
"Hardwood","34","Sweetgum","111","1","5","434415.662533335"
"Hardwood","34","Sweetgum","19","5","3","69596.5495303338"
"Hardwood","34","Sweetgum","43","5","3","104348.824295501"
"Hardwood","34","Sweetgum","53","5","3","139124.099060668"
"Hardwood","34","Sweetgum","59","5","3","556496.396242671"
"Hardwood","34","Sweetgum","61","5","3","278248.198121335"
"Hardwood","34","Sweetgum","107","12","1","217774.775284207"
"Hardwood","34","Sweetgum","45","12","2","98815.4492139117"
"Hardwood","34","Sweetgum","107","13","1","41506.0695109249"
"Hardwood","34","Sweetgum","127","13","1","299087.854860026"
"Hardwood","34","Sweetgum","283","13","1","74810.9637150066"
"Hardwood","34","Sweetgum","201","13","2","112646.383593585"
"Hardwood","34","Sweetgum","95","13","3","756933.717378173"
"Hardwood","34","Sweetgum","145","13","3","302773.486951269"
"Hardwood","34","Sweetgum","239","13","3","302773.486951269"
"Hardwood","34","Sweetgum","3","22","3","122679.330690812"
"Hardwood","34","Sweetgum","11","22","3","81246.0202470932"
"Hardwood","34","Sweetgum","59","22","3","69593.2888314661"
"Hardwood","34","Sweetgum","13","22","5","63034.3601817369"
"Hardwood","34","Sweetgum","27","22","5","87557.6792129231"
"Hardwood","34","Sweetgum","49","22","5","434682.198644373"
"Hardwood","34","Sweetgum","127","22","5","432243.969184647"
"Hardwood","34","Sweetgum","25","28","2","376334.093201409"
"Hardwood","34","Sweetgum","95","28","2","94083.5233003523"
"Hardwood","34","Sweetgum","161","28","2","306237.898310395"
"Hardwood","34","Sweetgum","155","37","1","89739.8986897085"
"Hardwood","34","Sweetgum","15","37","2","33531.1149146017"
"Hardwood","34","Sweetgum","83","37","2","516456.772064163"
"Hardwood","34","Sweetgum","91","37","2","30471.4078176616"
"Hardwood","34","Sweetgum","195","37","2","317325.916672433"
"Hardwood","34","Sweetgum","159","37","3","128916.267556793"
"Hardwood","34","Sweetgum","29","45","1","271830.760130214"
"Hardwood","34","Sweetgum","53","45","1","124469.068066358"
"Hardwood","34","Sweetgum","39","45","3","267792.910902047"
"Hardwood","34","Sweetgum","373","48","1","61868.387949678"
"Hardwood","34","Sweetgum","471","48","1","191855.030729356"
"Hardwood","34","Sweetgum","401","48","2","68173.6371454637"
"Hardwood","35","Tupelo and blackgum","3","1","1","1219262.44789093"
"Hardwood","35","Tupelo and blackgum","129","1","1","146184.886545463"
"Hardwood","35","Tupelo and blackgum","25","1","2","130647.939144497"
"Hardwood","35","Tupelo and blackgum","63","1","4","148972.01031757"
"Hardwood","35","Tupelo and blackgum","107","1","4","148972.01031757"
"Hardwood","35","Tupelo and blackgum","53","5","3","78247.615865559"
"Hardwood","35","Tupelo and blackgum","99","5","3","139124.099060668"
"Hardwood","35","Tupelo and blackgum","109","12","1","108887.387642103"
"Hardwood","35","Tupelo and blackgum","65","13","1","345063.006150876"
"Hardwood","35","Tupelo and blackgum","175","13","1","111302.137605903"
"Hardwood","35","Tupelo and blackgum","201","13","2","160654.109956976"
"Hardwood","35","Tupelo and blackgum","303","13","3","151386.743475634"
"Hardwood","35","Tupelo and blackgum","3","22","3","122679.330690812"
"Hardwood","35","Tupelo and blackgum","27","22","5","233474.477901128"
"Hardwood","35","Tupelo and blackgum","111","22","5","116737.238950564"
"Hardwood","35","Tupelo and blackgum","3","28","2","42768.2031547771"
"Hardwood","35","Tupelo and blackgum","47","28","4","91356.8345427271"
"Hardwood","35","Tupelo and blackgum","131","28","4","179947.94961647"
"Hardwood","35","Tupelo and blackgum","15","37","2","16765.5574573008"
"Hardwood","35","Tupelo and blackgum","29","45","1","271830.760130214"
"Hardwood","35","Tupelo and blackgum","35","45","1","319833.143219505"
"Hardwood","35","Tupelo and blackgum","1","45","3","96211.6014827272"
"Hardwood","35","Tupelo and blackgum","181","47","2","242382.195067914"
"Hardwood","35","Tupelo and blackgum","199","48","1","179560.875229442"
"Hardwood","48","Woodland hardwoods","207","48","6","1825847.60269116"
"Hardwood","30","Yellow birch","93","55","4","140919.541603068"
"Hardwood","39","Yellow-poplar","23","1","2","283406.027822281"
"Hardwood","39","Yellow-poplar","47","1","3","109398.03777987"
"Hardwood","39","Yellow-poplar","63","1","4","148972.01031757"
"Hardwood","39","Yellow-poplar","93","1","4","129926.097959354"
"Hardwood","39","Yellow-poplar","73","1","5","278794.534698431"
"Hardwood","39","Yellow-poplar","111","1","5","143738.462356473"
"Hardwood","39","Yellow-poplar","59","1","6","90279.6054465971"
"Hardwood","39","Yellow-poplar","141","13","3","109209.466863175"
"Hardwood","39","Yellow-poplar","161","28","2","164801.6483037"
"Hardwood","39","Yellow-poplar","131","28","4","59982.6498721566"
"Hardwood","39","Yellow-poplar","195","37","2","105775.305557478"
"Hardwood","39","Yellow-poplar","25","45","2","413667.320030071"
"Hardwood","39","Yellow-poplar","7","45","3","140088.276941789"
"Hardwood","39","Yellow-poplar","89","51","2","383900.269268351"
"Hardwood","39","Yellow-poplar","135","51","2","75582.2200219086"
"Softwood","8","Cypress","65","13","1","230042.004100584"
"Softwood","4","Eastern white and red pines","69","26","3","88569.2222299503"
"Softwood","4","Eastern white and red pines","79","26","3","1261613.72348455"
"Softwood","4","Eastern white and red pines","57","27","2","90679.1463065134"
"Softwood","5","Jack pine","69","26","3","177138.4444599"
"Softwood","5","Jack pine","31","55","2","375016.455303688"
"Softwood","2","Loblolly and shortleaf pines","3","1","1","1079411.98376662"
"Softwood","2","Loblolly and shortleaf pines","53","1","1","75810.4706433733"
"Softwood","2","Loblolly and shortleaf pines","129","1","1","697819.039580219"
"Softwood","2","Loblolly and shortleaf pines","23","1","2","1468026.93822663"
"Softwood","2","Loblolly and shortleaf pines","25","1","2","775899.516584057"
"Softwood","2","Loblolly and shortleaf pines","91","1","2","2694409.91878497"
"Softwood","2","Loblolly and shortleaf pines","99","1","2","4986480.70995889"
"Softwood","2","Loblolly and shortleaf pines","119","1","2","1069183.18906255"
"Softwood","2","Loblolly and shortleaf pines","5","1","3","292567.106576724"
"Softwood","2","Loblolly and shortleaf pines","11","1","3","744247.933954183"
"Softwood","2","Loblolly and shortleaf pines","13","1","3","1750272.60447792"
"Softwood","2","Loblolly and shortleaf pines","17","1","3","146711.056203564"
"Softwood","2","Loblolly and shortleaf pines","41","1","3","3340253.61912409"
"Softwood","2","Loblolly and shortleaf pines","45","1","3","769407.482390219"
"Softwood","2","Loblolly and shortleaf pines","47","1","3","293422.112407128"
"Softwood","2","Loblolly and shortleaf pines","51","1","3","583424.201492641"
"Softwood","2","Loblolly and shortleaf pines","87","1","3","437568.151119481"
"Softwood","2","Loblolly and shortleaf pines","7","1","4","65748.6694550598"
"Softwood","2","Loblolly and shortleaf pines","57","1","4","4547413.4285774"
"Softwood","2","Loblolly and shortleaf pines","63","1","4","1638692.11349328"
"Softwood","2","Loblolly and shortleaf pines","105","1","4","1191776.08254056"
"Softwood","2","Loblolly and shortleaf pines","107","1","4","2623694.99660217"
"Softwood","2","Loblolly and shortleaf pines","125","1","4","672608.56519523"
"Softwood","2","Loblolly and shortleaf pines","29","1","5","143738.462356473"
"Softwood","2","Loblolly and shortleaf pines","73","1","5","103577.312136495"
"Softwood","2","Loblolly and shortleaf pines","111","1","5","1017370.20061902"
"Softwood","2","Loblolly and shortleaf pines","117","1","5","581354.400353724"
"Softwood","2","Loblolly and shortleaf pines","27","5","3","139124.099060668"
"Softwood","2","Loblolly and shortleaf pines","53","5","3","78247.615865559"
"Softwood","2","Loblolly and shortleaf pines","99","5","3","137836.022883366"
"Softwood","2","Loblolly and shortleaf pines","137","5","5","1468038.25519914"
"Softwood","2","Loblolly and shortleaf pines","123","12","1","163339.581463155"
"Softwood","2","Loblolly and shortleaf pines","39","12","2","613741.552563857"
"Softwood","2","Loblolly and shortleaf pines","77","12","2","197630.898427823"
"Softwood","2","Loblolly and shortleaf pines","25","13","1","6496.89084370429"
"Softwood","2","Loblolly and shortleaf pines","65","13","1","249142.886381305"
"Softwood","2","Loblolly and shortleaf pines","165","13","1","119373.751479403"
"Softwood","2","Loblolly and shortleaf pines","175","13","1","154914.14845434"
"Softwood","2","Loblolly and shortleaf pines","229","13","1","179455.534815396"
"Softwood","2","Loblolly and shortleaf pines","267","13","1","1196351.41944011"
"Softwood","2","Loblolly and shortleaf pines","283","13","1","37405.4818575033"
"Softwood","2","Loblolly and shortleaf pines","287","13","2","118833.640080769"
"Softwood","2","Loblolly and shortleaf pines","159","13","3","75732.3717378173"
"Softwood","2","Loblolly and shortleaf pines","197","13","3","450728.351290484"
"Softwood","2","Loblolly and shortleaf pines","233","13","4","30185.9523024654"
"Softwood","2","Loblolly and shortleaf pines","15","13","5","169730.480866036"
"Softwood","2","Loblolly and shortleaf pines","67","22","1","299408.207993714"
"Softwood","2","Loblolly and shortleaf pines","3","22","3","3788957.81693318"
"Softwood","2","Loblolly and shortleaf pines","11","22","3","1945926.80412536"
"Softwood","2","Loblolly and shortleaf pines","43","22","3","490717.322763247"
"Softwood","2","Loblolly and shortleaf pines","59","22","3","18217479.0540632"
"Softwood","2","Loblolly and shortleaf pines","69","22","3","1248272.45873278"
"Softwood","2","Loblolly and shortleaf pines","79","22","3","197851.181719816"
"Softwood","2","Loblolly and shortleaf pines","85","22","3","9756378.33854794"
"Softwood","2","Loblolly and shortleaf pines","115","22","3","271048.323237263"
"Softwood","2","Loblolly and shortleaf pines","37","22","4","256622.865879339"
"Softwood","2","Loblolly and shortleaf pines","63","22","4","3455138.75891545"
"Softwood","2","Loblolly and shortleaf pines","103","22","4","99042.763156544"
"Softwood","2","Loblolly and shortleaf pines","105","22","4","431559.418858366"
"Softwood","2","Loblolly and shortleaf pines","117","22","4","10429094.8185813"
"Softwood","2","Loblolly and shortleaf pines","13","22","5","3848502.87792226"
"Softwood","2","Loblolly and shortleaf pines","21","22","5","2402846.17795468"
"Softwood","2","Loblolly and shortleaf pines","27","22","5","175115.358425846"
"Softwood","2","Loblolly and shortleaf pines","31","22","5","2568219.25691241"
"Softwood","2","Loblolly and shortleaf pines","49","22","5","4563418.60901975"
"Softwood","2","Loblolly and shortleaf pines","61","22","5","1400922.86740677"
"Softwood","2","Loblolly and shortleaf pines","111","22","5","3151905.45166523"
"Softwood","2","Loblolly and shortleaf pines","127","22","5","13059015.9458638"
"Softwood","2","Loblolly and shortleaf pines","51","28","1","1232925.16858558"
"Softwood","2","Loblolly and shortleaf pines","161","28","2","141436.250006695"
"Softwood","2","Loblolly and shortleaf pines","99","28","3","3393320.18921848"
"Softwood","2","Loblolly and shortleaf pines","127","28","3","544727.411346778"
"Softwood","2","Loblolly and shortleaf pines","65","28","4","91113.1156113837"
"Softwood","2","Loblolly and shortleaf pines","153","28","4","91388.7633844431"
"Softwood","2","Loblolly and shortleaf pines","51","37","1","598230.991264723"
"Softwood","2","Loblolly and shortleaf pines","103","37","1","8322789.59328684"
"Softwood","2","Loblolly and shortleaf pines","133","37","1","478584.793011779"
"Softwood","2","Loblolly and shortleaf pines","141","37","1","259098.293870684"
"Softwood","2","Loblolly and shortleaf pines","153","37","1","409503.554095816"
"Softwood","2","Loblolly and shortleaf pines","155","37","1","111431.108267344"
"Softwood","2","Loblolly and shortleaf pines","163","37","1","50744.9995087615"
"Softwood","2","Loblolly and shortleaf pines","165","37","1","409503.554095816"
"Softwood","2","Loblolly and shortleaf pines","13","37","2","5150382.12912188"
"Softwood","2","Loblolly and shortleaf pines","15","37","2","16765.5574573008"
"Softwood","2","Loblolly and shortleaf pines","91","37","2","30471.4078176616"
"Softwood","2","Loblolly and shortleaf pines","117","37","2","4452184.37178276"
"Softwood","2","Loblolly and shortleaf pines","187","37","2","852758.418894525"
"Softwood","2","Loblolly and shortleaf pines","123","37","3","1168670.09050316"
"Softwood","2","Loblolly and shortleaf pines","3","45","1","219677.291322922"
"Softwood","2","Loblolly and shortleaf pines","9","45","1","119330.719668916"
"Softwood","2","Loblolly and shortleaf pines","11","45","1","147367.954109852"
"Softwood","2","Loblolly and shortleaf pines","29","45","1","373342.967738303"
"Softwood","2","Loblolly and shortleaf pines","35","45","1","426444.19095934"
"Softwood","2","Loblolly and shortleaf pines","53","45","1","2464251.39578808"
"Softwood","2","Loblolly and shortleaf pines","15","45","2","1202638.23685529"
"Softwood","2","Loblolly and shortleaf pines","55","45","2","654884.129790672"
"Softwood","2","Loblolly and shortleaf pines","39","45","3","157688.264619299"
"Softwood","2","Loblolly and shortleaf pines","81","45","3","1366020.67983144"
"Softwood","2","Loblolly and shortleaf pines","71","47","2","256254.884969639"
"Softwood","2","Loblolly and shortleaf pines","5","48","1","141599.875684305"
"Softwood","2","Loblolly and shortleaf pines","199","48","1","239463.659450608"
"Softwood","2","Loblolly and shortleaf pines","455","48","1","1484139.31079227"
"Softwood","2","Loblolly and shortleaf pines","1","48","2","1504842.44493251"
"Softwood","2","Loblolly and shortleaf pines","401","48","2","172832.49687331"
"Softwood","2","Loblolly and shortleaf pines","53","51","1","379714.396435598"
"Softwood","2","Loblolly and shortleaf pines","83","51","2","141102.42775238"
"Softwood","1","Longleaf and slash pines","3","1","1","788935.459347453"
"Softwood","1","Longleaf and slash pines","1","12","1","541679.21026298"
"Softwood","1","Longleaf and slash pines","109","12","1","217774.775284207"
"Softwood","1","Longleaf and slash pines","39","12","2","76717.6940704822"
"Softwood","1","Longleaf and slash pines","65","13","1","230042.004100584"
"Softwood","1","Longleaf and slash pines","107","13","1","41506.0695109249"
"Softwood","1","Longleaf and slash pines","287","13","2","831835.480565386"
"Softwood","1","Longleaf and slash pines","307","13","3","157961.900921009"
"Softwood","1","Longleaf and slash pines","3","22","3","1840189.96036218"
"Softwood","1","Longleaf and slash pines","11","22","3","680002.20590681"
"Softwood","1","Longleaf and slash pines","115","22","3","162856.619389905"
"Softwood","1","Longleaf and slash pines","127","28","3","90787.9018911297"
"Softwood","1","Longleaf and slash pines","131","28","4","88592.8306294642"
"Softwood","1","Longleaf and slash pines","17","37","1","682505.923493027"
"Softwood","1","Longleaf and slash pines","3","45","1","109838.645661461"
"Softwood","1","Longleaf and slash pines","455","48","1","494713.103597424"
"Softwood","9","Other eastern softwoods","47","1","3","146711.056203564"
"Softwood","9","Other eastern softwoods","123","1","3","145856.05037316"
"Softwood","9","Other eastern softwoods","125","1","4","280775.975069917"
"Softwood","9","Other eastern softwoods","61","5","3","139124.099060668"
"Softwood","9","Other eastern softwoods","133","5","3","139124.099060668"
"Softwood","9","Other eastern softwoods","105","5","4","137983.306824371"
"Softwood","9","Other eastern softwoods","137","5","5","440411.476559741"
"Softwood","9","Other eastern softwoods","111","22","5","116737.238950564"
"Softwood","9","Other eastern softwoods","155","28","2","94083.5233003523"
"Softwood","9","Other eastern softwoods","37","37","3","138076.77423305"
"Softwood","9","Other eastern softwoods","63","45","1","253847.790507719"
"Softwood","9","Other eastern softwoods","7","45","3","140088.276941789"
"Softwood","9","Other eastern softwoods","39","45","3","401689.36635307"
"Softwood","9","Other eastern softwoods","71","45","3","218925.044934164"
"Softwood","9","Other eastern softwoods","7","51","2","141102.42775238"
"Softwood","3","Other yellow pines","23","1","2","70134.7642555838"
"Softwood","3","Other yellow pines","21","1","3","1254953.85317839"
"Softwood","3","Other yellow pines","73","1","5","103577.312136495"
"Softwood","3","Other yellow pines","39","12","2","24716.6123034779"
"Softwood","3","Other yellow pines","15","13","5","42432.6202165089"
"Softwood","3","Other yellow pines","17","37","1","93447.282113768"
"Softwood","3","Other yellow pines","133","37","1","100604.618070636"
"Softwood","3","Other yellow pines","89","51","2","255933.512845567"
"Softwood","6","Spruce and balsam fir","137","27","1","89006.1856729337"
"Softwood","23","Woodland softwoods","207","48","6","260835.371813022"
